as_of,method,correct_r32_teams,correct_r32_team_placements,correct_r32_fixtures,correct_r32_fixtures_percent,correct_r32_fixture_slots,missed_r32_fixture_slots,correct_display_order_slots,confirmed_fixture_predicted_elsewhere
2026-06-10,expected-table,25/32,16/32,4/16,25.0%,"75, 76, 83, 84","73, 74, 77, 78, 79, 80, 81, 82, 85, 86, 87, 88","75, 76, 83, 84",-
2026-06-10,modal-group-table,25/32,9/32,1/16,6.2%,84,"73, 74, 75, 76, 77, 78, 79, 80, 81, 82, 83, 85, 86, 87, 88",84,-
2026-06-11,expected-table,25/32,16/32,4/16,25.0%,"75, 76, 83, 84","73, 74, 77, 78, 79, 80, 81, 82, 85, 86, 87, 88","75, 76, 83, 84",-
2026-06-11,modal-group-table,24/32,16/32,3/16,18.8%,"77, 83, 84","73, 74, 75, 76, 78, 79, 80, 81, 82, 85, 86, 87, 88","77, 83, 84",-
2026-06-12,expected-table,26/32,19/32,4/16,25.0%,"75, 76, 83, 84","73, 74, 77, 78, 79, 80, 81, 82, 85, 86, 87, 88","75, 76, 83, 84",-
2026-06-12,modal-group-table,24/32,19/32,5/16,31.2%,"75, 76, 77, 83, 84","73, 74, 78, 79, 80, 81, 82, 85, 86, 87, 88","75, 76, 77, 83, 84",-
2026-06-13,expected-table,26/32,18/32,4/16,25.0%,"75, 76, 83, 84","73, 74, 77, 78, 79, 80, 81, 82, 85, 86, 87, 88","75, 76, 83, 84",-
2026-06-13,modal-group-table,25/32,15/32,3/16,18.8%,"80, 83, 88","73, 74, 75, 76, 77, 78, 79, 81, 82, 84, 85, 86, 87","80, 83, 88","75, 76"
2026-06-14,expected-table,27/32,20/32,6/16,37.5%,"75, 76, 78, 79, 83, 84","73, 74, 77, 80, 81, 82, 85, 86, 87, 88","75, 76, 78, 79, 83, 84",-
2026-06-14,modal-group-table,26/32,19/32,3/16,18.8%,"75, 76, 83","73, 74, 77, 78, 79, 80, 81, 82, 84, 85, 86, 87, 88","75, 76, 83",-
2026-06-15,expected-table,27/32,20/32,6/16,37.5%,"75, 76, 78, 79, 83, 84","73, 74, 77, 80, 81, 82, 85, 86, 87, 88","75, 76, 78, 79, 83, 84",-
2026-06-15,modal-group-table,26/32,19/32,5/16,31.2%,"74, 75, 76, 79, 88","73, 77, 78, 80, 81, 82, 83, 84, 85, 86, 87","74, 75, 76, 79, 88",-
2026-06-16,expected-table,26/32,19/32,5/16,31.2%,"75, 76, 78, 83, 84","73, 74, 77, 79, 80, 81, 82, 85, 86, 87, 88","75, 76, 78, 83, 84",-
2026-06-16,modal-group-table,26/32,18/32,5/16,31.2%,"75, 76, 78, 84, 88","73, 74, 77, 79, 80, 81, 82, 83, 85, 86, 87","75, 76, 78, 84, 88",-
2026-06-17,expected-table,28/32,21/32,7/16,43.8%,"75, 76, 78, 79, 83, 84, 87","73, 74, 77, 80, 81, 82, 85, 86, 88","75, 76, 78, 79, 83, 84, 87",-
2026-06-17,modal-group-table,26/32,21/32,6/16,37.5%,"75, 76, 78, 79, 83, 84","73, 74, 77, 80, 81, 82, 85, 86, 87, 88","75, 76, 78, 79, 83, 84",-
2026-06-18,expected-table,28/32,22/32,8/16,50.0%,"75, 76, 77, 78, 79, 83, 84, 87","73, 74, 80, 81, 82, 85, 86, 88","75, 76, 77, 78, 79, 83, 84, 87",-
2026-06-18,modal-group-table,27/32,22/32,9/16,56.2%,"75, 76, 77, 78, 79, 80, 83, 84, 87","73, 74, 81, 82, 85, 86, 88","75, 76, 77, 78, 79, 80, 83, 84, 87",-
2026-06-19,expected-table,28/32,18/32,5/16,31.2%,"78, 79, 83, 84, 87","73, 74, 75, 76, 77, 80, 81, 82, 85, 86, 88","78, 79, 83, 84, 87",-
2026-06-19,modal-group-table,27/32,21/32,7/16,43.8%,"75, 76, 78, 79, 84, 87, 88","73, 74, 77, 80, 81, 82, 83, 85, 86","75, 76, 78, 79, 84, 87, 88",-
2026-06-20,expected-table,28/32,17/32,4/16,25.0%,"78, 83, 84, 87","73, 74, 75, 76, 77, 79, 80, 81, 82, 85, 86, 88","78, 83, 84, 87",-
2026-06-20,modal-group-table,27/32,24/32,10/16,62.5%,"74, 75, 76, 77, 78, 82, 83, 84, 87, 88","73, 79, 80, 81, 85, 86","74, 75, 76, 77, 78, 82, 83, 84, 87, 88",-
2026-06-21,expected-table,29/32,20/32,7/16,43.8%,"77, 78, 80, 83, 84, 86, 87","73, 74, 75, 76, 79, 81, 82, 85, 88","77, 78, 80, 83, 84, 86, 87",-
2026-06-21,modal-group-table,28/32,23/32,9/16,56.2%,"74, 75, 76, 77, 78, 81, 84, 86, 87","73, 79, 80, 82, 83, 85, 88","74, 75, 76, 77, 78, 81, 84, 86, 87",-
2026-06-22,expected-table,28/32,18/32,6/16,37.5%,"78, 80, 83, 84, 86, 87","73, 74, 75, 76, 77, 79, 81, 82, 85, 88","78, 80, 83, 84, 86, 87",-
2026-06-22,modal-group-table,29/32,24/32,10/16,62.5%,"74, 75, 76, 77, 78, 80, 83, 84, 86, 87","73, 79, 81, 82, 85, 88","74, 75, 76, 77, 78, 80, 83, 84, 86, 87",-
2026-06-23,expected-table,28/32,19/32,7/16,43.8%,"77, 78, 81, 83, 84, 86, 87","73, 74, 75, 76, 79, 80, 82, 85, 88","77, 78, 81, 83, 84, 86, 87",-
2026-06-23,modal-group-table,28/32,20/32,7/16,43.8%,"75, 76, 78, 83, 84, 86, 87","73, 74, 77, 79, 80, 81, 82, 85, 88","75, 76, 78, 83, 84, 86, 87",-
2026-06-24,expected-table,29/32,24/32,10/16,62.5%,"73, 75, 76, 77, 78, 81, 83, 84, 86, 87","74, 79, 80, 82, 85, 88","73, 75, 76, 77, 78, 81, 83, 84, 86, 87",-
2026-06-24,modal-group-table,30/32,24/32,9/16,56.2%,"73, 75, 76, 78, 81, 83, 84, 86, 87","74, 77, 79, 80, 82, 85, 88","73, 75, 76, 78, 81, 83, 84, 86, 87",-
2026-06-25,expected-table,30/32,27/32,12/16,75.0%,"73, 74, 75, 76, 77, 78, 79, 81, 83, 84, 86, 87","80, 82, 85, 88","73, 74, 75, 76, 77, 78, 79, 81, 83, 84, 86, 87",-
2026-06-25,modal-group-table,30/32,27/32,12/16,75.0%,"73, 74, 75, 76, 77, 78, 79, 81, 83, 84, 86, 87","80, 82, 85, 88","73, 74, 75, 76, 77, 78, 79, 81, 83, 84, 86, 87",-
2026-06-26,expected-table,31/32,26/32,10/16,62.5%,"73, 75, 76, 78, 79, 83, 84, 86, 87, 88","74, 77, 80, 81, 82, 85","73, 75, 76, 78, 79, 83, 84, 86, 87, 88",-
2026-06-26,modal-group-table,31/32,26/32,10/16,62.5%,"73, 75, 76, 78, 79, 83, 84, 86, 87, 88","74, 77, 80, 81, 82, 85","73, 75, 76, 78, 79, 83, 84, 86, 87, 88",-
2026-06-27,expected-table,32/32,32/32,16/16,100.0%,"73, 74, 75, 76, 77, 78, 79, 80, 81, 82, 83, 84, 85, 86, 87, 88",-,"73, 74, 75, 76, 77, 78, 79, 80, 81, 82, 83, 84, 85, 86, 87, 88",-
2026-06-27,modal-group-table,32/32,32/32,16/16,100.0%,"73, 74, 75, 76, 77, 78, 79, 80, 81, 82, 83, 84, 85, 86, 87, 88",-,"73, 74, 75, 76, 77, 78, 79, 80, 81, 82, 83, 84, 85, 86, 87, 88",-
