team,number,position,player,date_of_birth,age,caps,goals,club,league
Argentina,1,GK,Franco Armani,1986-10-16,36,18,0,River Plate,Argentina
Argentina,2,DF,Juan Foyth,1998-01-12,24,16,0,Villarreal,Spain
Argentina,3,DF,Nicolás Tagliafico,1992-08-31,30,42,0,Lyon,France
Argentina,4,DF,Gonzalo Montiel,1997-01-01,25,18,0,Sevilla,Spain
Argentina,5,MF,Leandro Paredes,1994-06-29,28,46,4,Juventus,Italy
Argentina,6,DF,Germán Pezzella,1991-06-27,31,32,2,Real Betis,Spain
Argentina,7,MF,Rodrigo De Paul,1994-05-24,28,44,2,Atlético Madrid,Spain
Argentina,8,DF,Marcos Acuña,1991-10-28,31,43,0,Sevilla,Spain
Argentina,9,FW,Julián Alvarez,2000-01-31,22,12,3,Manchester City,England
Argentina,10,FW,Lionel Messi,1987-06-24,35,165,91,Paris Saint-Germain,France
Argentina,11,FW,Ángel Di María,1988-02-14,34,124,27,Juventus,Italy
Argentina,12,GK,Gerónimo Rulli,1992-05-20,30,4,0,Villarreal,Spain
Argentina,13,DF,Cristian Romero,1998-04-27,24,12,1,Tottenham Hotspur,England
Argentina,14,MF,Exequiel Palacios,1998-10-05,24,20,0,Bayer Leverkusen,Germany
Argentina,15,FW,Ángel Correa,1995-03-09,27,22,3,Atlético Madrid,Spain
Argentina,16,MF,Thiago Almada,2001-04-26,21,1,0,Atlanta United FC,United States
Argentina,17,MF,Papu Gómez,1988-02-15,34,15,3,Sevilla,Spain
Argentina,18,MF,Guido Rodríguez,1994-04-12,28,26,1,Real Betis,Spain
Argentina,19,DF,Nicolás Otamendi,1988-02-12,34,93,4,Benfica,Portugal
Argentina,20,MF,Alexis Mac Allister,1998-12-24,23,8,0,Brighton & Hove Albion,England
Argentina,21,FW,Paulo Dybala,1993-11-15,29,34,3,Roma,Italy
Argentina,22,FW,Lautaro Martínez,1997-08-22,25,40,21,Inter Milan,Italy
Argentina,23,GK,Emiliano Martínez,1992-09-02,30,19,0,Aston Villa,England
Argentina,24,MF,Enzo Fernández,2001-01-17,21,3,0,Benfica,Portugal
Argentina,25,DF,Lisandro Martínez,1998-01-18,24,10,0,Manchester United,England
Argentina,26,DF,Nahuel Molina,1998-04-06,24,20,0,Atlético Madrid,Spain
Australia,1,GK,Mathew Ryan,1992-04-08,30,75,0,Copenhagen,Denmark
Australia,2,DF,Miloš Degenek,1994-04-28,28,38,1,Columbus Crew,United States
Australia,3,DF,Nathaniel Atkinson,1999-06-13,23,5,0,Heart of Midlothian,Scotland
Australia,4,DF,Kye Rowles,1998-06-24,24,3,0,Heart of Midlothian,Scotland
Australia,5,DF,Fran Karačić,1996-05-12,26,11,1,Brescia,Italy
Australia,6,FW,Marco Tilio,2001-08-23,21,5,0,Melbourne City,Australia
Australia,7,FW,Mathew Leckie,1991-02-04,31,73,13,Melbourne City,Australia
Australia,8,DF,Bailey Wright,1992-07-28,30,27,2,Sunderland,England
Australia,9,FW,Jamie Maclaren,1993-07-29,29,26,8,Melbourne City,Australia
Australia,10,MF,Ajdin Hrustic,1996-07-05,26,20,3,Hellas Verona,Italy
Australia,11,FW,Awer Mabil,1995-09-15,27,29,8,Cádiz,Spain
Australia,12,GK,Andrew Redmayne,1989-01-13,33,4,0,Sydney FC,Australia
Australia,13,MF,Aaron Mooy,1990-09-15,32,53,7,Celtic,Scotland
Australia,14,MF,Riley McGree,1998-11-02,24,11,1,Middlesbrough,England
Australia,15,FW,Mitchell Duke,1991-01-18,31,21,8,Fagiano Okayama,Japan
Australia,16,DF,Aziz Behich,1990-12-16,31,53,2,Dundee United,Scotland
Australia,17,MF,Cameron Devlin,1998-06-07,24,1,0,Heart of Midlothian,Scotland
Australia,18,GK,Danny Vukovic,1985-03-27,37,4,0,Central Coast Mariners,Australia
Australia,19,DF,Harry Souttar,1998-10-22,24,10,6,Stoke City,England
Australia,20,DF,Thomas Deng,1997-03-20,25,2,0,Albirex Niigata,Japan
Australia,21,FW,Garang Kuol,2004-09-15,18,1,0,Central Coast Mariners,Australia
Australia,22,MF,Jackson Irvine,1993-03-07,29,49,7,FC St. Pauli,Germany
Australia,23,FW,Craig Goodwin,1991-12-16,30,10,1,Adelaide United,Australia
Australia,24,DF,Joel King,2000-10-30,22,4,0,OB,Denmark
Australia,25,FW,Jason Cummings,1995-08-01,27,1,1,Central Coast Mariners,Australia
Australia,26,MF,Keanu Baccus,1998-06-07,24,1,0,St Mirren,Scotland
Belgium,1,GK,Thibaut Courtois,1992-05-11,30,97,0,Real Madrid,Spain
Belgium,2,DF,Toby Alderweireld,1989-03-02,33,124,5,Antwerp,Belgium
Belgium,3,DF,Arthur Theate,2000-05-25,22,4,0,Rennes,France
Belgium,4,DF,Wout Faes,1998-04-03,24,1,0,Leicester City,England
Belgium,5,DF,Jan Vertonghen,1987-04-24,35,142,9,Anderlecht,Belgium
Belgium,6,MF,Axel Witsel,1989-01-12,33,127,12,Atlético Madrid,Spain
Belgium,7,MF,Kevin De Bruyne,1991-06-28,31,94,25,Manchester City,England
Belgium,8,MF,Youri Tielemans,1997-05-07,25,55,5,Leicester City,England
Belgium,9,FW,Romelu Lukaku,1993-05-13,29,102,68,Inter Milan,Italy
Belgium,10,FW,Eden Hazard,1991-01-07,31,123,33,Real Madrid,Spain
Belgium,11,FW,Yannick Carrasco,1993-09-04,29,60,8,Atlético Madrid,Spain
Belgium,12,GK,Simon Mignolet,1988-03-06,34,35,0,Club Brugge,Belgium
Belgium,13,GK,Koen Casteels,1992-06-25,30,4,0,VfL Wolfsburg,Germany
Belgium,14,FW,Dries Mertens,1987-05-06,35,107,21,Galatasaray,Turkey
Belgium,15,MF,Thomas Meunier,1991-09-12,31,59,8,Borussia Dortmund,Germany
Belgium,16,MF,Thorgan Hazard,1993-03-29,29,45,9,Borussia Dortmund,Germany
Belgium,17,FW,Leandro Trossard,1994-12-04,27,21,5,Brighton & Hove Albion,England
Belgium,18,MF,Amadou Onana,2001-08-16,21,2,0,Everton,England
Belgium,19,DF,Leander Dendoncker,1995-04-15,27,29,1,Aston Villa,England
Belgium,20,MF,Hans Vanaken,1992-08-24,30,23,5,Club Brugge,Belgium
Belgium,21,MF,Timothy Castagne,1995-12-05,26,26,2,Leicester City,England
Belgium,22,FW,Charles De Ketelaere,2001-03-10,21,10,1,Milan,Italy
Belgium,23,FW,Michy Batshuayi,1993-10-02,29,48,26,Fenerbahçe,Turkey
Belgium,24,FW,Loïs Openda,2000-02-16,22,5,2,Lens,France
Belgium,25,FW,Jérémy Doku,2002-05-27,20,11,2,Rennes,France
Belgium,26,DF,Zeno Debast,2003-10-24,19,3,0,Anderlecht,Belgium
Brazil,1,GK,Alisson,1992-10-02,30,57,0,Liverpool,England
Brazil,2,DF,Danilo,1991-07-15,31,46,1,Juventus,Italy
Brazil,3,DF,Thiago Silva,1984-09-22,38,109,7,Chelsea,England
Brazil,4,DF,Marquinhos,1994-05-14,28,71,5,Paris Saint-Germain,France
Brazil,5,MF,Casemiro,1992-02-23,30,65,5,Manchester United,England
Brazil,6,DF,Alex Sandro,1991-01-26,31,37,2,Juventus,Italy
Brazil,7,MF,Lucas Paquetá,1997-08-27,25,35,7,West Ham United,England
Brazil,8,MF,Fred,1993-03-05,29,28,0,Manchester United,England
Brazil,9,FW,Richarlison,1997-05-10,25,38,17,Tottenham Hotspur,England
Brazil,10,FW,Neymar,1992-02-05,30,121,75,Paris Saint-Germain,France
Brazil,11,FW,Raphinha,1996-12-14,25,11,5,Barcelona,Spain
Brazil,12,GK,Weverton,1987-12-13,34,8,0,Palmeiras,Brazil
Brazil,13,DF,Dani Alves,1983-05-06,39,124,8,UNAM,Mexico
Brazil,14,DF,Éder Militão,1998-01-18,24,23,1,Real Madrid,Spain
Brazil,15,MF,Fabinho,1993-10-23,29,28,0,Liverpool,England
Brazil,16,DF,Alex Telles,1992-12-15,29,8,0,Sevilla,Spain
Brazil,17,MF,Bruno Guimarães,1997-11-16,25,8,1,Newcastle United,England
Brazil,18,FW,Gabriel Jesus,1997-04-03,25,56,19,Arsenal,England
Brazil,19,FW,Antony,2000-02-24,22,11,2,Manchester United,England
Brazil,20,FW,Vinícius Júnior,2000-07-12,22,16,1,Real Madrid,Spain
Brazil,21,FW,Rodrygo,2001-01-09,21,7,1,Real Madrid,Spain
Brazil,22,MF,Éverton Ribeiro,1989-04-10,33,21,3,Flamengo,Brazil
Brazil,23,GK,Ederson,1993-08-17,29,18,0,Manchester City,England
Brazil,24,DF,Bremer,1997-03-18,25,1,0,Juventus,Italy
Brazil,25,FW,Pedro,1997-06-20,25,2,1,Flamengo,Brazil
Brazil,26,FW,Gabriel Martinelli,2001-06-18,21,3,0,Arsenal,England
Cameroon,1,GK,Simon Ngapandouetnbu,2003-04-12,19,0,0,Marseille,France
Cameroon,2,DF,Jerome Ngom Mbekeli,1998-09-30,24,2,0,Colombe Sportive,Cameroon
Cameroon,3,DF,Nicolas Nkoulou,1990-03-27,32,79,2,Aris,Greece
Cameroon,4,DF,Christopher Wooh,2001-09-18,21,4,0,Rennes,France
Cameroon,5,MF,Gaël Ondoua,1995-11-04,27,4,0,Hannover 96,Germany
Cameroon,6,FW,Moumi Ngamaleu,1994-07-09,28,42,4,Dynamo Moscow,Russia
Cameroon,7,MF,Georges-Kévin Nkoudou,1995-02-13,27,3,0,Beşiktaş,Turkey
Cameroon,8,MF,André-Frank Zambo Anguissa,1995-11-16,27,44,5,Napoli,Italy
Cameroon,9,FW,Jean-Pierre Nsame,1993-05-01,29,4,0,Young Boys,Switzerland
Cameroon,10,FW,Vincent Aboubakar,1992-01-22,30,92,33,Al-Nassr,Saudi Arabia
Cameroon,11,FW,Christian Bassogog,1995-10-18,27,44,7,Shanghai Shenhua,People's Republic of China
Cameroon,12,FW,Karl Toko Ekambi,1992-09-14,30,52,12,Lyon,France
Cameroon,13,FW,Eric Maxim Choupo-Moting,1989-03-23,33,70,20,Bayern Munich,Germany
Cameroon,14,MF,Samuel Gouet,1997-12-14,24,22,0,Mechelen,Belgium
Cameroon,15,MF,Pierre Kunde,1995-07-26,27,33,1,Olympiacos,Greece
Cameroon,16,GK,Devis Epassy,1993-02-02,29,5,0,Abha,Saudi Arabia
Cameroon,17,DF,Olivier Mbaizo,1997-08-15,25,11,0,Philadelphia Union,United States
Cameroon,18,MF,Martin Hongla,1998-03-16,24,20,0,Hellas Verona,Italy
Cameroon,19,DF,Collins Fai,1992-08-13,30,53,0,Al-Tai,Saudi Arabia
Cameroon,20,FW,Bryan Mbeumo,1999-08-07,23,4,0,Brentford,England
Cameroon,21,DF,Jean-Charles Castelletto,1995-01-26,27,15,0,Nantes,France
Cameroon,22,MF,Olivier Ntcham,1996-02-09,26,4,0,Swansea City,Wales
Cameroon,23,GK,André Onana,1996-04-02,26,34,0,Inter Milan,Italy
Cameroon,24,DF,Enzo Ebosse,1999-03-11,23,3,0,Udinese,Italy
Cameroon,25,DF,Nouhou Tolo,1997-06-23,25,19,0,Seattle Sounders FC,United States
Cameroon,26,MF,Souaibou Marou,2000-12-03,21,3,1,Coton Sport,Cameroon
Canada,1,GK,Dayne St. Clair,1997-05-09,25,2,0,Minnesota United FC,United States
Canada,2,DF,Alistair Johnston,1998-10-08,24,30,1,CF Montréal,Canada
Canada,3,DF,Sam Adekugbe,1995-01-16,27,34,1,Hatayspor,Turkey
Canada,4,DF,Kamal Miller,1997-05-16,25,29,0,CF Montréal,Canada
Canada,5,DF,Steven Vitória,1987-01-11,35,35,4,Chaves,Portugal
Canada,6,MF,Samuel Piette,1994-11-12,28,66,0,CF Montréal,Canada
Canada,7,MF,Stephen Eustáquio,1996-12-21,25,26,3,Porto,Portugal
Canada,8,MF,Liam Fraser,1998-02-13,24,15,0,Deinze,Belgium
Canada,9,FW,Lucas Cavallini,1992-12-28,29,34,18,Vancouver Whitecaps FC,Canada
Canada,10,MF,Junior Hoilett,1990-06-05,32,50,14,Reading,England
Canada,11,FW,Tajon Buchanan,1999-02-08,23,26,4,Club Brugge,Belgium
Canada,12,FW,Iké Ugbo,1998-09-21,24,8,0,Troyes,France
Canada,13,MF,Atiba Hutchinson,1983-02-08,39,98,9,Beşiktaş,Turkey
Canada,14,MF,Mark-Anthony Kaye,1994-12-02,27,38,2,Toronto FC,Canada
Canada,15,MF,Ismaël Koné,2002-06-16,20,6,1,CF Montréal,Canada
Canada,16,GK,James Pantemis,1997-02-21,25,0,0,CF Montréal,Canada
Canada,17,FW,Cyle Larin,1995-04-17,27,55,25,Club Brugge,Belgium
Canada,18,GK,Milan Borjan,1987-10-23,35,68,0,Red Star Belgrade,Serbia
Canada,19,FW,Alphonso Davies,2000-11-02,22,34,12,Bayern Munich,Germany
Canada,20,FW,Jonathan David,2000-01-14,22,35,22,Lille,France
Canada,21,MF,Jonathan Osorio,1992-06-12,30,57,7,Toronto FC,Canada
Canada,22,DF,Richie Laryea,1995-01-07,27,34,1,Toronto FC,Canada
Canada,23,MF,Liam Millar,1999-09-27,23,16,0,Basel,Switzerland
Canada,24,MF,David Wotherspoon,1990-01-16,32,10,1,St Johnstone,Scotland
Canada,25,DF,Derek Cornelius,1997-11-25,24,14,0,Panetolikos,Greece
Canada,26,DF,Joel Waterman,1996-01-24,26,2,0,CF Montréal,Canada
Costa Rica,1,GK,Keylor Navas,1986-12-15,35,107,0,Paris Saint-Germain,France
Costa Rica,2,MF,Daniel Chacón,2001-04-11,21,8,0,Cartaginés,Costa Rica
Costa Rica,3,DF,Juan Pablo Vargas,1995-06-06,27,12,1,Millonarios,Colombia
Costa Rica,4,DF,Keysher Fuller,1994-07-12,28,31,2,Herediano,Costa Rica
Costa Rica,5,MF,Celso Borges,1988-05-27,34,155,27,Alajuelense,Costa Rica
Costa Rica,6,DF,Óscar Duarte,1989-06-03,33,71,4,Al-Wehda,Saudi Arabia
Costa Rica,7,FW,Anthony Contreras,2000-01-29,22,9,2,Herediano,Costa Rica
Costa Rica,8,DF,Bryan Oviedo,1990-02-18,32,76,2,Real Salt Lake,United States
Costa Rica,9,MF,Jewison Bennette,2004-06-15,18,7,2,Sunderland,England
Costa Rica,10,MF,Bryan Ruiz,1985-08-18,37,146,29,Alajuelense,Costa Rica
Costa Rica,11,FW,Johan Venegas,1988-11-27,33,82,11,Alajuelense,Costa Rica
Costa Rica,12,FW,Joel Campbell,1992-06-26,30,119,25,León,Mexico
Costa Rica,13,MF,Gerson Torres,1997-08-28,25,13,1,Herediano,Costa Rica
Costa Rica,14,MF,Youstin Salas,1996-06-17,26,4,0,Saprissa,Costa Rica
Costa Rica,15,DF,Francisco Calvo,1992-07-08,30,75,8,Konyaspor,Turkey
Costa Rica,16,DF,Carlos Martínez,1999-03-30,23,7,0,San Carlos,Costa Rica
Costa Rica,17,MF,Yeltsin Tejeda,1992-03-17,30,73,0,Herediano,Costa Rica
Costa Rica,18,GK,Esteban Alvarado,1989-04-28,33,25,0,Herediano,Costa Rica
Costa Rica,19,DF,Kendall Waston,1988-01-01,34,63,9,Saprissa,Costa Rica
Costa Rica,20,MF,Brandon Aguilera,2003-06-28,19,4,0,Guanacasteca,Costa Rica
Costa Rica,21,MF,Douglas López,1998-09-21,24,3,0,Herediano,Costa Rica
Costa Rica,22,DF,Rónald Matarrita,1994-07-09,28,52,3,FC Cincinnati,United States
Costa Rica,23,GK,Patrick Sequeira,1999-03-01,23,2,0,Lugo,Spain
Costa Rica,24,MF,Roan Wilson,2002-05-01,20,3,0,Municipal Grecia,Costa Rica
Costa Rica,25,MF,Anthony Hernández,2001-10-11,21,3,1,Puntarenas,Costa Rica
Costa Rica,26,MF,Álvaro Zamora,2002-03-09,20,3,0,Saprissa,Costa Rica
Croatia,1,GK,Dominik Livaković,1995-01-09,27,34,0,Dinamo Zagreb,Croatia
Croatia,2,DF,Josip Stanišić,2000-04-02,22,7,0,Bayern Munich,Germany
Croatia,3,DF,Borna Barišić,1992-11-10,30,28,1,Rangers,Scotland
Croatia,4,FW,Ivan Perišić,1989-02-02,33,116,32,Tottenham Hotspur,England
Croatia,5,DF,Martin Erlić,1998-01-24,24,4,0,Sassuolo,Italy
Croatia,6,DF,Dejan Lovren,1989-07-05,33,72,5,Zenit Saint Petersburg,Russia
Croatia,7,MF,Lovro Majer,1998-01-17,24,11,3,Rennes,France
Croatia,8,MF,Mateo Kovačić,1994-05-06,28,84,3,Chelsea,England
Croatia,9,FW,Andrej Kramarić,1991-06-19,31,74,20,1899 Hoffenheim,Germany
Croatia,10,MF,Luka Modrić,1985-09-09,37,155,23,Real Madrid,Spain
Croatia,11,MF,Marcelo Brozović,1992-11-16,30,77,7,Inter Milan,Italy
Croatia,12,GK,Ivo Grbić,1996-01-18,26,2,0,Atlético Madrid,Spain
Croatia,13,MF,Nikola Vlašić,1997-10-04,25,42,7,Torino,Italy
Croatia,14,FW,Marko Livaja,1993-08-26,29,14,3,Hajduk Split,Croatia
Croatia,15,MF,Mario Pašalić,1995-02-09,27,43,7,Atalanta,Italy
Croatia,16,FW,Bruno Petković,1994-09-16,28,23,6,Dinamo Zagreb,Croatia
Croatia,17,FW,Ante Budimir,1991-07-22,31,15,1,Osasuna,Spain
Croatia,18,FW,Mislav Oršić,1992-12-29,29,21,1,Dinamo Zagreb,Croatia
Croatia,19,DF,Borna Sosa,1998-01-21,24,8,1,VfB Stuttgart,Germany
Croatia,20,DF,Joško Gvardiol,2002-01-23,20,12,1,RB Leipzig,Germany
Croatia,21,DF,Domagoj Vida,1989-04-29,33,100,4,AEK Athens,Greece
Croatia,22,DF,Josip Juranović,1995-08-16,27,21,0,Celtic,Scotland
Croatia,23,GK,Ivica Ivušić,1995-02-01,27,5,0,Osijek,Croatia
Croatia,24,DF,Josip Šutalo,2000-02-28,22,3,0,Dinamo Zagreb,Croatia
Croatia,25,MF,Luka Sučić,2002-09-08,20,4,0,Red Bull Salzburg,Austria
Croatia,26,MF,Kristijan Jakić,1997-05-14,25,4,0,Eintracht Frankfurt,Germany
Denmark,1,GK,Kasper Schmeichel,1986-11-05,36,86,0,Nice,France
Denmark,2,DF,Joachim Andersen,1996-05-31,26,19,0,Crystal Palace,England
Denmark,3,DF,Victor Nelsson,1998-10-14,24,7,0,Galatasaray,Turkey
Denmark,4,DF,Simon Kjær,1989-03-26,33,121,5,Milan,Italy
Denmark,5,DF,Joakim Mæhle,1997-05-20,25,31,9,Atalanta,Italy
Denmark,6,DF,Andreas Christensen,1996-04-10,26,58,2,Barcelona,Spain
Denmark,7,MF,Mathias Jensen,1996-01-01,26,20,1,Brentford,England
Denmark,8,MF,Thomas Delaney,1991-09-03,31,71,7,Sevilla,Spain
Denmark,9,FW,Martin Braithwaite,1991-06-05,31,62,10,Espanyol,Spain
Denmark,10,MF,Christian Eriksen,1992-02-14,30,117,39,Manchester United,England
Denmark,11,MF,Andreas Skov Olsen,1999-12-29,22,23,8,Club Brugge,Belgium
Denmark,12,FW,Kasper Dolberg,1997-10-06,25,37,11,Sevilla,Spain
Denmark,13,DF,Rasmus Kristensen,1997-07-11,25,10,0,Leeds United,England
Denmark,14,MF,Mikkel Damsgaard,2000-07-03,22,18,4,Brentford,England
Denmark,15,MF,Christian Nørgaard,1994-03-10,28,17,1,Brentford,England
Denmark,16,GK,Oliver Christensen,1999-03-22,23,1,0,Hertha BSC,Germany
Denmark,17,DF,Jens Stryger Larsen,1991-02-21,31,49,3,Trabzonspor,Turkey
Denmark,18,DF,Daniel Wass,1989-05-31,33,44,1,Brøndby,Denmark
Denmark,19,FW,Jonas Wind,1999-02-07,23,15,5,VfL Wolfsburg,Germany
Denmark,20,FW,Yussuf Poulsen,1994-06-15,28,68,11,RB Leipzig,Germany
Denmark,21,FW,Andreas Cornelius,1993-03-16,29,41,9,Copenhagen,Denmark
Denmark,22,GK,Frederik Rønnow,1992-08-04,30,8,0,Union Berlin,Germany
Denmark,23,MF,Pierre-Emile Højbjerg,1995-08-05,27,60,5,Tottenham Hotspur,England
Denmark,24,MF,Robert Skov,1996-05-20,26,11,5,1899 Hoffenheim,Germany
Denmark,25,MF,Jesper Lindstrøm,2000-02-29,22,6,1,Eintracht Frankfurt,Germany
Denmark,26,DF,Alexander Bah,1997-12-09,24,4,1,Benfica,Portugal
Ecuador,1,GK,Hernán Galíndez,1987-03-30,35,12,0,Aucas,Ecuador
Ecuador,2,DF,Félix Torres,1997-01-11,25,17,2,Santos Laguna,Mexico
Ecuador,3,DF,Piero Hincapié,2002-01-09,20,21,1,Bayer Leverkusen,Germany
Ecuador,4,DF,Robert Arboleda,1991-10-22,31,33,2,São Paulo,Brazil
Ecuador,5,MF,José Cifuentes,1999-03-12,23,11,0,Los Angeles FC,United States
Ecuador,6,DF,Willian Pacho,2001-10-16,21,0,0,Antwerp,Belgium
Ecuador,7,DF,Pervis Estupiñán,1998-01-21,24,28,3,Brighton & Hove Albion,England
Ecuador,8,DF,Carlos Gruezo,1995-04-19,27,46,1,FC Augsburg,Germany
Ecuador,9,MF,Ayrton Preciado,1994-07-17,28,27,3,Santos Laguna,Mexico
Ecuador,10,MF,Romario Ibarra,1994-09-24,28,25,3,Pachuca,Mexico
Ecuador,11,FW,Michael Estrada,1996-04-07,26,36,8,Cruz Azul,Mexico
Ecuador,12,GK,Moisés Ramírez,2000-09-09,22,2,0,Independiente del Valle,Ecuador
Ecuador,13,FW,Enner Valencia,1989-11-04,33,74,35,Fenerbahçe,Turkey
Ecuador,14,DF,Xavier Arreaga,1994-09-28,28,18,1,Seattle Sounders FC,United States
Ecuador,15,MF,Ángel Mena,1988-01-21,34,46,7,León,Mexico
Ecuador,16,MF,Jeremy Sarmiento,2002-06-16,20,9,0,Brighton & Hove Albion,England
Ecuador,17,DF,Ángelo Preciado,1998-02-18,24,24,0,Genk,Belgium
Ecuador,18,DF,Diego Palacios,1999-07-12,23,12,0,Los Angeles FC,United States
Ecuador,19,MF,Gonzalo Plata,2000-11-01,22,30,5,Valladolid,Spain
Ecuador,20,MF,Sebas Méndez,1997-04-26,25,32,0,Los Angeles FC,United States
Ecuador,21,MF,Alan Franco,1998-08-21,24,25,1,Talleres,Argentina
Ecuador,22,GK,Alexander Domínguez,1987-06-05,35,68,0,LDU Quito,Ecuador
Ecuador,23,MF,Moisés Caicedo,2001-11-02,21,25,2,Brighton & Hove Albion,England
Ecuador,24,FW,Djorkaeff Reasco,1999-01-18,23,4,0,Newell's Old Boys,Argentina
Ecuador,25,DF,Jackson Porozo,2000-08-04,22,5,0,Troyes,France
Ecuador,26,FW,Kevin Rodríguez,2000-03-04,22,1,0,Imbabura,Ecuador
England,1,GK,Jordan Pickford,1994-03-07,28,45,0,Everton,England
England,2,DF,Kyle Walker,1990-05-28,32,70,0,Manchester City,England
England,3,DF,Luke Shaw,1995-07-12,27,23,3,Manchester United,England
England,4,MF,Declan Rice,1999-01-14,23,34,2,West Ham United,England
England,5,DF,John Stones,1994-05-28,28,59,3,Manchester City,England
England,6,DF,Harry Maguire,1993-03-05,29,48,7,Manchester United,England
England,7,FW,Jack Grealish,1995-09-10,27,24,1,Manchester City,England
England,8,MF,Jordan Henderson,1990-06-17,32,70,2,Liverpool,England
England,9,FW,Harry Kane,1993-07-28,29,75,51,Tottenham Hotspur,England
England,10,FW,Raheem Sterling,1994-12-08,27,79,19,Chelsea,England
England,11,FW,Marcus Rashford,1997-10-31,25,46,12,Manchester United,England
England,12,DF,Kieran Trippier,1990-09-19,32,37,1,Newcastle United,England
England,13,GK,Nick Pope,1992-04-19,30,10,0,Newcastle United,England
England,14,MF,Kalvin Phillips,1995-12-02,26,23,0,Manchester City,England
England,15,DF,Eric Dier,1994-01-15,28,47,3,Tottenham Hotspur,England
England,16,DF,Conor Coady,1993-02-25,29,10,1,Everton,England
England,17,FW,Bukayo Saka,2001-09-05,21,20,4,Arsenal,England
England,18,DF,Trent Alexander-Arnold,1998-10-07,24,17,1,Liverpool,England
England,19,MF,Mason Mount,1999-01-10,23,32,5,Chelsea,England
England,20,MF,Phil Foden,2000-05-28,22,18,2,Manchester City,England
England,21,DF,Ben White,1997-10-08,25,4,0,Arsenal,England
England,22,MF,Jude Bellingham,2003-06-29,19,17,0,Borussia Dortmund,Germany
England,23,GK,Aaron Ramsdale,1998-05-14,24,3,0,Arsenal,England
England,24,FW,Callum Wilson,1992-02-27,30,4,1,Newcastle United,England
England,25,MF,James Maddison,1996-11-23,25,1,0,Leicester City,England
England,26,MF,Conor Gallagher,2000-02-06,22,4,0,Chelsea,England
France,1,GK,Hugo Lloris,1986-12-26,35,139,0,Tottenham Hotspur,England
France,2,DF,Benjamin Pavard,1996-03-28,26,46,2,Bayern Munich,Germany
France,3,DF,Axel Disasi,1998-03-11,24,0,0,Monaco,France
France,4,DF,Raphaël Varane,1993-04-25,29,87,5,Manchester United,England
France,5,DF,Jules Koundé,1998-11-12,24,12,0,Barcelona,Spain
France,6,MF,Mattéo Guendouzi,1999-04-14,23,6,1,Marseille,France
France,7,FW,Antoine Griezmann,1991-03-21,31,110,42,Atlético Madrid,Spain
France,8,MF,Aurélien Tchouaméni,2000-01-27,22,14,1,Real Madrid,Spain
France,9,FW,Olivier Giroud,1986-09-30,36,114,49,Milan,Italy
France,10,FW,Kylian Mbappé,1998-12-20,23,59,28,Paris Saint-Germain,France
France,11,FW,Ousmane Dembélé,1997-05-15,25,28,4,Barcelona,Spain
France,12,FW,Randal Kolo Muani,1998-12-05,23,2,0,Eintracht Frankfurt,Germany
France,13,MF,Youssouf Fofana,1999-01-10,23,2,0,Monaco,France
France,14,MF,Adrien Rabiot,1995-04-03,27,29,2,Juventus,Italy
France,15,MF,Jordan Veretout,1993-03-01,29,5,0,Marseille,France
France,16,GK,Steve Mandanda,1985-03-28,37,34,0,Rennes,France
France,17,DF,William Saliba,2001-03-24,21,7,0,Arsenal,England
France,18,DF,Dayot Upamecano,1998-10-27,24,7,1,Bayern Munich,Germany
France,19,FW,Karim Benzema,1987-12-19,34,97,37,Real Madrid,Spain
France,20,FW,Kingsley Coman,1996-06-13,26,40,5,Bayern Munich,Germany
France,21,DF,Lucas Hernandez,1996-02-14,26,32,0,Bayern Munich,Germany
France,22,DF,Théo Hernandez,1997-10-06,25,7,1,Milan,Italy
France,23,GK,Alphonse Areola,1993-02-27,29,5,0,West Ham United,England
France,24,DF,Ibrahima Konaté,1999-05-25,23,2,0,Liverpool,England
France,25,MF,Eduardo Camavinga,2002-11-10,20,4,1,Real Madrid,Spain
France,26,FW,Marcus Thuram,1997-08-06,25,4,0,Borussia Mönchengladbach,Germany
Germany,1,GK,Manuel Neuer,1986-03-27,36,114,0,Bayern Munich,Germany
Germany,2,DF,Antonio Rüdiger,1993-03-03,29,54,2,Real Madrid,Spain
Germany,3,DF,David Raum,1998-04-22,24,12,0,RB Leipzig,Germany
Germany,4,DF,Matthias Ginter,1994-01-19,28,47,2,SC Freiburg,Germany
Germany,5,DF,Thilo Kehrer,1996-09-21,26,23,0,West Ham United,England
Germany,6,MF,Joshua Kimmich,1995-02-08,27,71,5,Bayern Munich,Germany
Germany,7,FW,Kai Havertz,1999-06-11,23,31,10,Chelsea,England
Germany,8,MF,Leon Goretzka,1995-02-06,27,45,14,Bayern Munich,Germany
Germany,9,FW,Niclas Füllkrug,1993-02-09,29,1,1,Werder Bremen,Germany
Germany,10,FW,Serge Gnabry,1995-07-14,27,36,20,Bayern Munich,Germany
Germany,11,MF,Mario Götze,1992-06-03,30,63,17,Eintracht Frankfurt,Germany
Germany,12,GK,Kevin Trapp,1990-07-08,32,6,0,Eintracht Frankfurt,Germany
Germany,13,MF,Thomas Müller,1989-09-13,33,118,44,Bayern Munich,Germany
Germany,14,MF,Jamal Musiala,2003-02-26,19,17,1,Bayern Munich,Germany
Germany,15,DF,Niklas Süle,1995-09-03,27,42,1,Borussia Dortmund,Germany
Germany,16,DF,Lukas Klostermann,1996-06-03,26,19,0,RB Leipzig,Germany
Germany,17,MF,Julian Brandt,1996-05-02,26,39,3,Borussia Dortmund,Germany
Germany,18,MF,Jonas Hofmann,1992-07-14,30,17,4,Borussia Mönchengladbach,Germany
Germany,19,MF,Leroy Sané,1996-01-11,26,48,11,Bayern Munich,Germany
Germany,20,DF,Christian Günter,1993-02-28,29,7,0,SC Freiburg,Germany
Germany,21,MF,İlkay Gündoğan,1990-10-24,32,63,16,Manchester City,England
Germany,22,GK,Marc-André ter Stegen,1992-04-30,30,30,0,Barcelona,Spain
Germany,23,DF,Nico Schlotterbeck,1999-12-01,22,6,0,Borussia Dortmund,Germany
Germany,24,FW,Karim Adeyemi,2002-01-18,20,4,1,Borussia Dortmund,Germany
Germany,25,DF,Armel Bella-Kotchap,2001-12-11,20,2,0,Southampton,England
Germany,26,FW,Youssoufa Moukoko,2004-11-20,18,1,0,Borussia Dortmund,Germany
Ghana,1,GK,Lawrence Ati-Zigi,1996-11-29,25,11,0,St. Gallen,Switzerland
Ghana,2,DF,Tariq Lamptey,2000-09-30,22,2,0,Brighton & Hove Albion,England
Ghana,3,DF,Denis Odoi,1988-05-27,34,4,0,Club Brugge,Belgium
Ghana,4,DF,Mohammed Salisu,1999-04-17,23,3,1,Southampton,England
Ghana,5,MF,Thomas Partey,1993-06-13,29,40,13,Arsenal,England
Ghana,6,MF,Elisha Owusu,1997-11-07,25,3,0,Gent,Belgium
Ghana,7,MF,Abdul Fatawu Issahaku,2004-03-08,18,13,1,Sporting CP,Portugal
Ghana,8,MF,Daniel-Kofi Kyereh,1996-03-08,26,15,0,SC Freiburg,Germany
Ghana,9,FW,Jordan Ayew,1991-09-11,31,84,19,Crystal Palace,England
Ghana,10,FW,André Ayew,1989-12-17,32,110,23,Al-Sadd,Qatar
Ghana,11,MF,Osman Bukari,1998-12-13,23,7,1,Red Star Belgrade,Serbia
Ghana,12,GK,Ibrahim Danlad,2002-12-02,19,4,0,Asante Kotoko,Ghana
Ghana,13,MF,Daniel Afriyie,2001-06-26,21,7,3,Hearts of Oak,Ghana
Ghana,14,DF,Gideon Mensah,1998-07-18,24,12,0,Auxerre,France
Ghana,15,DF,Joseph Aidoo,1995-09-29,27,11,0,Celta Vigo,Spain
Ghana,16,GK,Abdul Manaf Nurudeen,1999-02-08,23,2,0,Eupen,Belgium
Ghana,17,DF,Baba Rahman,1994-07-02,28,48,1,Reading,England
Ghana,18,DF,Daniel Amartey,1994-12-21,27,46,0,Leicester City,England
Ghana,19,FW,Iñaki Williams,1994-06-15,28,3,0,Athletic Bilbao,Spain
Ghana,20,MF,Mohammed Kudus,2000-08-02,22,18,5,Ajax,Netherlands
Ghana,21,MF,Salis Abdul Samed,2000-03-26,22,1,0,Lens,France
Ghana,22,MF,Kamaldeen Sulemana,2002-02-15,20,13,0,Rennes,France
Ghana,23,DF,Alexander Djiku,1994-08-09,28,18,1,Strasbourg,France
Ghana,24,MF,Kamal Sowah,2000-01-09,22,1,0,Club Brugge,Belgium
Ghana,25,FW,Antoine Semenyo,2000-01-07,22,4,1,Bristol City,England
Ghana,26,DF,Alidu Seidu,2000-06-04,22,4,0,Clermont,France
Iran,1,GK,Alireza Beiranvand,1992-09-21,30,52,0,Persepolis,Iran
Iran,2,DF,Sadegh Moharrami,1996-03-01,26,21,0,Dinamo Zagreb,Croatia
Iran,3,DF,Ehsan Hajsafi,1990-02-25,32,121,7,AEK Athens,Greece
Iran,4,DF,Shojae Khalilzadeh,1989-05-14,33,25,1,Al-Ahli Doha,Qatar
Iran,5,DF,Milad Mohammadi,1993-09-29,29,45,1,AEK Athens,Greece
Iran,6,MF,Saeid Ezatolahi,1996-10-01,26,47,1,Vejle,Denmark
Iran,7,MF,Alireza Jahanbakhsh,1993-08-11,29,64,13,Feyenoord,Netherlands
Iran,8,DF,Morteza Pouraliganji,1992-04-19,30,46,3,Persepolis,Iran
Iran,9,FW,Mehdi Taremi,1992-07-18,30,60,28,Porto,Portugal
Iran,10,FW,Karim Ansarifard,1990-04-03,32,94,29,Omonia,Cyprus
Iran,11,MF,Vahid Amiri,1988-04-02,34,68,2,Persepolis,Iran
Iran,12,GK,Payam Niazmand,1995-04-06,27,1,0,Sepahan,Iran
Iran,13,DF,Hossein Kanaanizadegan,1994-03-23,28,35,2,Al-Ahli Doha,Qatar
Iran,14,MF,Saman Ghoddos,1993-09-06,29,33,2,Brentford,England
Iran,15,DF,Rouzbeh Cheshmi,1993-07-24,29,19,1,Esteghlal,Iran
Iran,16,MF,Mehdi Torabi,1994-09-10,28,36,7,Persepolis,Iran
Iran,17,MF,Ali Gholizadeh,1996-03-10,26,26,6,Charleroi,Belgium
Iran,18,MF,Ali Karimi,1994-02-11,28,13,0,Kayserispor,Turkey
Iran,19,DF,Majid Hosseini,1996-06-20,26,18,0,Kayserispor,Turkey
Iran,20,FW,Sardar Azmoun,1995-01-01,27,65,41,Bayer Leverkusen,Germany
Iran,21,MF,Ahmad Nourollahi,1993-02-01,29,25,3,Shabab Al-Ahli,United Arab Emirates
Iran,22,GK,Amir Abedzadeh,1993-04-26,29,11,0,Ponferradina,Spain
Iran,23,DF,Ramin Rezaeian,1990-03-21,32,46,2,Sepahan,Iran
Iran,24,GK,Hossein Hosseini,1992-06-30,30,6,0,Esteghlal,Iran
Iran,25,DF,Abolfazl Jalali,1998-06-26,24,3,0,Esteghlal,Iran
Japan,1,GK,Eiji Kawashima,1983-03-20,39,95,0,Strasbourg,France
Japan,2,DF,Miki Yamane,1993-12-22,28,15,2,Kawasaki Frontale,Japan
Japan,3,DF,Shōgo Taniguchi,1991-07-15,31,14,0,Kawasaki Frontale,Japan
Japan,4,DF,Kō Itakura,1997-01-27,25,13,1,Borussia Mönchengladbach,Germany
Japan,5,DF,Yūto Nagatomo,1986-09-12,36,138,4,FC Tokyo,Japan
Japan,6,MF,Wataru Endō,1993-02-09,29,43,2,VfB Stuttgart,Germany
Japan,7,MF,Gaku Shibasaki,1992-05-28,30,60,3,Leganés,Spain
Japan,8,MF,Ritsu Dōan,1998-06-16,24,29,3,SC Freiburg,Germany
Japan,9,MF,Kaoru Mitoma,1997-05-20,25,9,5,Brighton & Hove Albion,England
Japan,10,MF,Takumi Minamino,1995-01-16,27,44,17,Monaco,France
Japan,11,MF,Takefusa Kubo,2001-06-04,21,20,1,Real Sociedad,Spain
Japan,12,GK,Shūichi Gonda,1989-03-03,33,34,0,Shimizu S-Pulse,Japan
Japan,13,MF,Hidemasa Morita,1995-05-10,27,17,2,Sporting CP,Portugal
Japan,14,MF,Junya Itō,1993-03-09,29,38,9,Reims,France
Japan,15,MF,Daichi Kamada,1996-08-05,26,22,6,Eintracht Frankfurt,Germany
Japan,16,DF,Takehiro Tomiyasu,1998-11-05,24,29,1,Arsenal,England
Japan,17,MF,Ao Tanaka,1998-09-10,24,15,2,Fortuna Düsseldorf,Germany
Japan,18,FW,Takuma Asano,1994-11-10,28,37,7,VfL Bochum,Germany
Japan,19,DF,Hiroki Sakai,1990-04-12,32,72,1,Urawa Red Diamonds,Japan
Japan,20,FW,Shūto Machino,1999-09-30,23,4,3,Shonan Bellmare,Japan
Japan,21,FW,Ayase Ueda,1998-08-28,24,11,0,Cercle Brugge,Belgium
Japan,22,DF,Maya Yoshida,1988-08-24,34,122,12,Schalke 04,Germany
Japan,23,GK,Daniel Schmidt,1992-02-03,30,11,0,Sint-Truiden,Belgium
Japan,24,MF,Yūki Sōma,1997-02-25,25,8,4,Nagoya Grampus,Japan
Japan,25,FW,Daizen Maeda,1997-10-20,25,8,1,Celtic,Scotland
Japan,26,DF,Hiroki Itō,1999-05-12,23,6,0,VfB Stuttgart,Germany
Mexico,1,GK,Alfredo Talavera,1982-09-18,40,40,0,Juárez,Mexico
Mexico,2,DF,Néstor Araujo,1991-08-29,31,63,3,América,Mexico
Mexico,3,DF,César Montes,1997-02-24,25,30,1,Monterrey,Mexico
Mexico,4,DF,Edson Álvarez,1997-10-24,25,58,3,Ajax,Netherlands
Mexico,5,DF,Johan Vásquez,1998-10-22,24,7,0,Cremonese,Italy
Mexico,6,DF,Gerardo Arteaga,1998-09-07,24,17,1,Genk,Belgium
Mexico,7,MF,Luis Romo,1995-06-05,27,27,1,Monterrey,Mexico
Mexico,8,MF,Carlos Rodríguez,1997-01-03,25,36,0,Cruz Azul,Mexico
Mexico,9,FW,Raúl Jiménez,1991-05-05,31,95,29,Wolverhampton Wanderers,England
Mexico,10,FW,Alexis Vega,1997-11-25,24,22,6,Guadalajara,Mexico
Mexico,11,FW,Rogelio Funes Mori,1991-03-05,31,16,6,Monterrey,Mexico
Mexico,12,GK,Rodolfo Cota,1987-07-03,35,8,0,León,Mexico
Mexico,13,GK,Guillermo Ochoa,1985-07-13,37,131,0,América,Mexico
Mexico,14,MF,Érick Gutiérrez,1995-06-15,27,34,1,PSV Eindhoven,Netherlands
Mexico,15,DF,Héctor Moreno,1988-01-17,34,128,5,Monterrey,Mexico
Mexico,16,MF,Héctor Herrera,1990-04-19,32,102,10,Houston Dynamo FC,United States
Mexico,17,FW,Orbelín Pineda,1996-03-24,26,50,6,AEK Athens,Greece
Mexico,18,MF,Andrés Guardado,1986-09-28,36,178,28,Real Betis,Spain
Mexico,19,DF,Jorge Sánchez,1997-12-10,24,26,1,Ajax,Netherlands
Mexico,20,FW,Henry Martín,1992-11-18,30,27,6,América,Mexico
Mexico,21,FW,Uriel Antuna,1997-08-21,25,36,9,Cruz Azul,Mexico
Mexico,22,FW,Hirving Lozano,1995-07-30,27,60,16,Napoli,Italy
Mexico,23,DF,Jesús Gallardo,1994-08-15,28,78,1,Monterrey,Mexico
Mexico,24,MF,Luis Chávez,1996-01-15,26,9,0,Pachuca,Mexico
Mexico,25,FW,Roberto Alvarado,1998-09-07,24,31,4,Guadalajara,Mexico
Mexico,26,DF,Kevin Álvarez,1999-01-15,23,8,0,Pachuca,Mexico
Morocco,1,GK,Yassine Bounou,1991-04-05,31,46,0,Sevilla,Spain
Morocco,2,DF,Achraf Hakimi,1998-11-04,24,54,8,Paris Saint-Germain,France
Morocco,3,DF,Noussair Mazraoui,1997-11-14,25,15,2,Bayern Munich,Germany
Morocco,4,MF,Sofyan Amrabat,1996-08-21,26,39,0,Fiorentina,Italy
Morocco,5,DF,Nayef Aguerd,1996-03-30,26,22,1,West Ham United,England
Morocco,6,DF,Romain Saïss,1990-03-26,32,66,1,Beşiktaş,Turkey
Morocco,7,MF,Hakim Ziyech,1993-03-19,29,43,18,Chelsea,England
Morocco,8,MF,Azzedine Ounahi,2000-04-19,22,10,2,Angers,France
Morocco,9,FW,Abderrazak Hamdallah,1990-12-17,31,18,6,Al-Ittihad,Saudi Arabia
Morocco,10,MF,Anass Zaroury,2000-11-07,22,1,0,Burnley,England
Morocco,11,FW,Abdelhamid Sabiri,1996-11-28,25,2,1,Sampdoria,Italy
Morocco,12,GK,Munir Mohamedi,1989-05-10,33,43,0,Al-Wehda,Saudi Arabia
Morocco,13,MF,Ilias Chair,1997-10-30,25,11,1,Queens Park Rangers,England
Morocco,14,MF,Zakaria Aboukhlal,2000-02-18,22,12,2,Toulouse,France
Morocco,15,MF,Selim Amallah,1996-11-15,26,24,4,Standard Liège,Belgium
Morocco,16,FW,Abde Ezzalzouli,2001-12-17,20,2,0,Osasuna,Spain
Morocco,17,MF,Sofiane Boufal,1993-09-17,29,32,6,Angers,France
Morocco,18,DF,Jawad El Yamiq,1992-02-29,30,12,2,Valladolid,Spain
Morocco,19,FW,Youssef En-Nesyri,1997-06-01,25,50,15,Sevilla,Spain
Morocco,20,DF,Achraf Dari,1999-05-06,23,4,0,Brest,France
Morocco,21,FW,Walid Cheddira,1998-01-22,24,2,0,Bari,Italy
Morocco,22,GK,Ahmed Reda Tagnaouti,1996-04-05,26,3,0,Wydad AC,Morocco
Morocco,23,MF,Bilal El Khannous,2004-05-10,18,0,0,Genk,Belgium
Morocco,24,DF,Badr Benoun,1993-09-30,29,3,0,Qatar SC,Qatar
Morocco,25,DF,Yahia Attiyat Allah,1995-03-02,27,2,0,Wydad AC,Morocco
Morocco,26,MF,Yahya Jabrane,1991-06-18,31,5,0,Wydad AC,Morocco
Netherlands,1,GK,Remko Pasveer,1983-11-08,39,2,0,Ajax,Netherlands
Netherlands,2,DF,Jurriën Timber,2001-06-17,21,10,0,Ajax,Netherlands
Netherlands,3,DF,Matthijs de Ligt,1999-08-12,23,38,2,Bayern Munich,Germany
Netherlands,4,DF,Virgil van Dijk,1991-07-08,31,49,6,Liverpool,England
Netherlands,5,DF,Nathan Aké,1995-02-18,27,29,3,Manchester City,England
Netherlands,6,DF,Stefan de Vrij,1992-02-05,30,59,3,Inter Milan,Italy
Netherlands,7,FW,Steven Bergwijn,1997-10-08,25,24,7,Ajax,Netherlands
Netherlands,8,FW,Cody Gakpo,1999-05-07,23,9,3,PSV Eindhoven,Netherlands
Netherlands,9,FW,Luuk de Jong,1990-08-27,32,38,8,PSV Eindhoven,Netherlands
Netherlands,10,FW,Memphis Depay,1994-02-13,28,81,42,Barcelona,Spain
Netherlands,11,MF,Steven Berghuis,1991-12-19,30,39,2,Ajax,Netherlands
Netherlands,12,FW,Noa Lang,1999-06-17,23,5,1,Club Brugge,Belgium
Netherlands,13,GK,Justin Bijlow,1998-01-22,24,6,0,Feyenoord,Netherlands
Netherlands,14,MF,Davy Klaassen,1993-02-21,29,35,9,Ajax,Netherlands
Netherlands,15,MF,Marten de Roon,1991-03-29,31,30,0,Atalanta,Italy
Netherlands,16,DF,Tyrell Malacia,1999-08-17,23,6,0,Manchester United,England
Netherlands,17,DF,Daley Blind,1990-03-09,32,94,2,Ajax,Netherlands
Netherlands,18,FW,Vincent Janssen,1994-06-15,28,20,7,Antwerp,Belgium
Netherlands,19,FW,Wout Weghorst,1992-08-07,30,15,3,Beşiktaş,Turkey
Netherlands,20,MF,Teun Koopmeiners,1998-02-28,24,10,1,Atalanta,Italy
Netherlands,21,MF,Frenkie de Jong,1997-05-12,25,45,1,Barcelona,Spain
Netherlands,22,DF,Denzel Dumfries,1996-04-18,26,37,5,Inter Milan,Italy
Netherlands,23,GK,Andries Noppert,1994-04-07,28,0,0,Heerenveen,Netherlands
Netherlands,24,MF,Kenneth Taylor,2002-05-16,20,2,0,Ajax,Netherlands
Netherlands,25,MF,Xavi Simons,2003-04-21,19,0,0,PSV Eindhoven,Netherlands
Netherlands,26,DF,Jeremie Frimpong,2000-12-10,21,0,0,Bayer Leverkusen,Germany
Poland,1,GK,Wojciech Szczęsny,1990-04-18,32,66,0,Juventus,Italy
Poland,2,DF,Matty Cash,1997-08-07,25,7,1,Aston Villa,England
Poland,3,DF,Artur Jędrzejczyk,1987-11-04,35,40,3,Legia Warsaw,Poland
Poland,4,DF,Mateusz Wieteska,1997-02-11,25,2,0,Clermont,France
Poland,5,DF,Jan Bednarek,1996-04-12,26,45,1,Aston Villa,England
Poland,6,MF,Krystian Bielik,1998-01-04,24,5,0,Birmingham City,England
Poland,7,FW,Arkadiusz Milik,1994-02-28,28,64,16,Juventus,Italy
Poland,8,MF,Damian Szymański,1995-06-16,27,9,1,AEK Athens,Greece
Poland,9,FW,Robert Lewandowski,1988-08-21,34,134,76,Barcelona,Spain
Poland,10,MF,Grzegorz Krychowiak,1990-01-29,32,94,5,Al-Shabab,Saudi Arabia
Poland,11,MF,Kamil Grosicki,1988-06-08,34,87,17,Pogoń Szczecin,Poland
Poland,12,GK,Łukasz Skorupski,1991-05-05,31,8,0,Bologna,Italy
Poland,13,MF,Jakub Kamiński,2002-06-05,20,4,1,VfL Wolfsburg,Germany
Poland,14,DF,Jakub Kiwior,2000-02-15,22,5,0,Spezia,Italy
Poland,15,DF,Kamil Glik,1988-02-03,34,99,6,Benevento,Italy
Poland,16,FW,Karol Świderski,1997-01-23,25,18,8,Charlotte FC,United States
Poland,17,MF,Szymon Żurkowski,1997-09-25,25,7,0,Fiorentina,Italy
Poland,18,DF,Bartosz Bereszyński,1992-07-12,30,46,0,Sampdoria,Italy
Poland,19,MF,Sebastian Szymański,1999-05-10,23,18,1,Feyenoord,Netherlands
Poland,20,MF,Piotr Zieliński,1994-05-20,28,74,9,Napoli,Italy
Poland,21,MF,Nicola Zalewski,2002-01-23,20,7,0,Roma,Italy
Poland,22,GK,Kamil Grabara,1999-01-08,23,1,0,Copenhagen,Denmark
Poland,23,FW,Krzysztof Piątek,1995-07-01,27,25,11,Salernitana,Italy
Poland,24,MF,Przemysław Frankowski,1995-04-12,27,26,1,Lens,France
Poland,25,DF,Robert Gumny,1998-06-04,24,5,0,FC Augsburg,Germany
Poland,26,MF,Michał Skóraś,2000-02-15,22,1,0,Lech Poznań,Poland
Portugal,1,GK,Rui Patrício,1988-02-15,34,105,0,Roma,Italy
Portugal,2,DF,Diogo Dalot,1999-03-18,23,7,2,Manchester United,England
Portugal,3,DF,Pepe,1983-02-26,39,129,7,Porto,Portugal
Portugal,4,DF,Rúben Dias,1997-05-14,25,40,2,Manchester City,England
Portugal,5,DF,Raphaël Guerreiro,1993-12-22,28,57,3,Borussia Dortmund,Germany
Portugal,6,MF,João Palhinha,1995-07-09,27,15,2,Fulham,England
Portugal,7,FW,Cristiano Ronaldo,1985-02-05,37,191,117,Manchester United,England
Portugal,8,MF,Bruno Fernandes,1994-09-08,28,49,11,Manchester United,England
Portugal,9,FW,André Silva,1995-11-06,27,52,19,RB Leipzig,Germany
Portugal,10,FW,Bernardo Silva,1994-08-10,28,73,8,Manchester City,England
Portugal,11,FW,João Félix,1999-11-10,23,24,3,Atlético Madrid,Spain
Portugal,12,GK,José Sá,1993-01-17,29,0,0,Wolverhampton Wanderers,England
Portugal,13,DF,Danilo Pereira,1991-09-09,31,63,2,Paris Saint-Germain,France
Portugal,14,MF,William Carvalho,1992-04-07,30,76,5,Real Betis,Spain
Portugal,15,FW,Rafael Leão,1999-06-10,23,11,0,Milan,Italy
Portugal,16,MF,Vitinha,2000-02-13,22,5,0,Paris Saint-Germain,France
Portugal,17,MF,João Mário,1993-01-19,29,53,3,Benfica,Portugal
Portugal,18,MF,Rúben Neves,1997-03-13,25,32,0,Wolverhampton Wanderers,England
Portugal,19,DF,Nuno Mendes,2002-06-19,20,17,0,Paris Saint-Germain,France
Portugal,20,DF,João Cancelo,1994-05-27,28,37,7,Manchester City,England
Portugal,21,FW,Ricardo Horta,1994-09-15,28,6,1,Braga,Portugal
Portugal,22,GK,Diogo Costa,1999-09-19,23,7,0,Porto,Portugal
Portugal,23,MF,Matheus Nunes,1998-08-27,24,9,1,Wolverhampton Wanderers,England
Portugal,24,DF,António Silva,2003-10-30,19,1,0,Benfica,Portugal
Portugal,25,MF,Otávio,1995-02-09,27,8,2,Porto,Portugal
Portugal,26,FW,Gonçalo Ramos,2001-06-20,21,1,1,Benfica,Portugal
Qatar,1,GK,Saad Al-Sheeb,1990-02-19,32,76,0,Al-Sadd,Qatar
Qatar,2,DF,Pedro Miguel,1990-08-06,32,80,1,Al-Sadd,Qatar
Qatar,3,DF,Abdelkarim Hassan,1993-08-28,29,130,15,Al-Sadd,Qatar
Qatar,4,MF,Mohammed Waad,1999-09-18,23,21,0,Al-Sadd,Qatar
Qatar,5,DF,Tarek Salman,1997-12-05,24,58,0,Al-Sadd,Qatar
Qatar,6,MF,Abdulaziz Hatem,1990-01-01,32,107,11,Al-Rayyan,Qatar
Qatar,7,FW,Ahmed Alaaeldin,1993-01-31,29,47,2,Al-Gharafa,Qatar
Qatar,8,MF,Ali Assadalla,1993-01-19,29,59,12,Al-Sadd,Qatar
Qatar,9,FW,Mohammed Muntari,1993-12-20,28,48,13,Al-Duhail,Qatar
Qatar,10,MF,Hassan Al-Haydos,1990-12-11,31,169,36,Al-Sadd,Qatar
Qatar,11,FW,Akram Afif,1996-11-18,26,89,26,Al-Sadd,Qatar
Qatar,12,MF,Karim Boudiaf,1990-09-16,32,115,6,Al-Duhail,Qatar
Qatar,13,DF,Musab Kheder,1993-01-01,29,30,0,Al-Sadd,Qatar
Qatar,14,DF,Homam Ahmed,1999-08-25,23,29,2,Al-Gharafa,Qatar
Qatar,15,DF,Bassam Al-Rawi,1997-12-16,24,58,2,Al-Duhail,Qatar
Qatar,16,DF,Boualem Khoukhi,1990-07-09,32,105,20,Al-Sadd,Qatar
Qatar,17,DF,Ismaeel Mohammad,1990-04-05,32,70,4,Al-Duhail,Qatar
Qatar,18,FW,Khalid Muneer,1998-02-24,24,2,0,Al-Wakrah,Qatar
Qatar,19,FW,Almoez Ali,1996-08-19,26,85,42,Al-Duhail,Qatar
Qatar,20,MF,Salem Al-Hajri,1996-04-10,26,22,0,Al-Sadd,Qatar
Qatar,21,GK,Yousef Hassan,1996-05-24,26,7,0,Al-Gharafa,Qatar
Qatar,22,GK,Meshaal Barsham,1998-02-14,24,20,0,Al-Sadd,Qatar
Qatar,23,MF,Assim Madibo,1996-10-22,26,43,0,Al-Duhail,Qatar
Qatar,24,MF,Naif Al-Hadhrami,2001-07-18,21,1,0,Al-Rayyan,Qatar
Qatar,25,MF,Jassem Gaber,2002-02-20,20,0,0,Al-Arabi,Qatar
Qatar,26,MF,Mostafa Meshaal,2001-03-28,21,1,0,Al-Sadd,Qatar
Saudi Arabia,1,GK,Mohammed Al-Rubaie,1997-08-14,25,7,0,Al-Ahli,Saudi Arabia
Saudi Arabia,2,DF,Sultan Al-Ghannam,1994-05-06,28,24,0,Al-Nassr,Saudi Arabia
Saudi Arabia,3,DF,Abdullah Madu,1993-07-15,29,15,0,Al-Nassr,Saudi Arabia
Saudi Arabia,4,DF,Abdulelah Al-Amri,1997-01-15,25,20,1,Al-Nassr,Saudi Arabia
Saudi Arabia,5,DF,Ali Al-Bulaihi,1989-11-21,32,37,0,Al-Hilal,Saudi Arabia
Saudi Arabia,6,DF,Mohammed Al-Breik,1992-09-15,30,40,1,Al-Hilal,Saudi Arabia
Saudi Arabia,7,MF,Salman Al-Faraj,1989-08-01,33,70,8,Al-Hilal,Saudi Arabia
Saudi Arabia,8,MF,Abdulellah Al-Malki,1994-10-11,28,27,0,Al-Hilal,Saudi Arabia
Saudi Arabia,9,FW,Firas Al-Buraikan,2000-05-14,22,26,6,Al-Fateh,Saudi Arabia
Saudi Arabia,10,FW,Salem Al-Dawsari,1991-08-19,31,71,17,Al-Hilal,Saudi Arabia
Saudi Arabia,11,FW,Saleh Al-Shehri,1993-11-01,29,20,10,Al-Hilal,Saudi Arabia
Saudi Arabia,12,DF,Saud Abdulhamid,1999-07-18,23,23,1,Al-Hilal,Saudi Arabia
Saudi Arabia,13,DF,Yasser Al-Shahrani,1992-05-25,30,72,2,Al-Hilal,Saudi Arabia
Saudi Arabia,14,MF,Abdullah Otayf,1992-08-03,30,45,1,Al-Hilal,Saudi Arabia
Saudi Arabia,15,MF,Ali Al-Hassan,1997-03-04,25,13,1,Al-Nassr,Saudi Arabia
Saudi Arabia,16,MF,Sami Al-Najei,1997-02-07,25,17,2,Al-Nassr,Saudi Arabia
Saudi Arabia,17,DF,Hassan Al-Tambakti,1999-02-09,23,19,0,Al-Shabab,Saudi Arabia
Saudi Arabia,18,MF,Nawaf Al-Abed,1990-01-26,32,55,8,Al-Shabab,Saudi Arabia
Saudi Arabia,19,FW,Hattan Bahebri,1992-07-16,30,41,4,Al-Shabab,Saudi Arabia
Saudi Arabia,20,FW,Abdulrahman Al-Aboud,1995-06-01,27,3,0,Al-Ittihad,Saudi Arabia
Saudi Arabia,21,GK,Mohammed Al-Owais,1991-10-10,31,42,0,Al-Hilal,Saudi Arabia
Saudi Arabia,22,GK,Nawaf Al-Aqidi,2000-05-10,22,0,0,Al-Nassr,Saudi Arabia
Saudi Arabia,23,MF,Mohamed Kanno,1994-09-22,28,38,1,Al-Hilal,Saudi Arabia
Saudi Arabia,24,MF,Nasser Al-Dawsari,1998-12-19,23,10,0,Al-Hilal,Saudi Arabia
Saudi Arabia,25,FW,Haitham Asiri,2001-03-25,21,8,1,Al-Ahli,Saudi Arabia
Saudi Arabia,26,MF,Riyadh Sharahili,1993-04-28,29,5,0,Abha,Saudi Arabia
Senegal,1,GK,Seny Dieng,1994-11-23,27,4,0,Queens Park Rangers,England
Senegal,2,DF,Formose Mendy,2001-01-02,21,2,0,Amiens,France
Senegal,3,DF,Kalidou Koulibaly,1991-06-20,31,64,0,Chelsea,England
Senegal,4,DF,Pape Abou Cissé,1995-09-14,27,13,1,Olympiacos,Greece
Senegal,5,MF,Idrissa Gueye,1989-09-26,33,96,7,Everton,England
Senegal,6,MF,Nampalys Mendy,1992-06-23,30,19,0,Leicester City,England
Senegal,7,FW,Nicolas Jackson,2001-06-20,21,0,0,Villarreal,Spain
Senegal,8,DF,Cheikhou Kouyaté,1989-12-21,32,83,4,Nottingham Forest,England
Senegal,9,FW,Boulaye Dia,1996-11-16,26,19,3,Salernitana,Italy
Senegal,10,DF,Moussa N'Diaye,2002-06-18,20,0,0,Anderlecht,Belgium
Senegal,11,MF,Pathé Ciss,1994-03-16,28,1,0,Rayo Vallecano,Spain
Senegal,12,DF,Fodé Ballo-Touré,1997-01-03,25,14,0,Milan,Italy
Senegal,13,FW,Iliman Ndiaye,2000-03-06,22,2,0,Sheffield United,England
Senegal,14,DF,Ismail Jakobs,1999-08-17,23,2,0,Monaco,France
Senegal,15,MF,Krépin Diatta,1999-02-25,23,26,2,Monaco,France
Senegal,16,GK,Édouard Mendy,1992-03-01,30,25,0,Chelsea,England
Senegal,17,MF,Pape Matar Sarr,2002-09-14,20,10,0,Tottenham Hotspur,England
Senegal,18,FW,Ismaïla Sarr,1998-02-25,24,48,10,Watford,England
Senegal,19,FW,Famara Diédhiou,1992-12-15,29,25,10,Alanyaspor,Turkey
Senegal,20,FW,Bamba Dieng,2000-03-23,22,13,1,Marseille,France
Senegal,21,DF,Youssouf Sabaly,1993-03-05,29,24,0,Real Betis,Spain
Senegal,22,DF,Abdou Diallo,1996-05-04,26,18,2,RB Leipzig,Germany
Senegal,23,GK,Alfred Gomis,1993-09-05,29,13,0,Rennes,France
Senegal,24,DF,Moustapha Name,1995-05-05,27,6,0,Pafos,Cyprus
Senegal,25,MF,Mamadou Loum,1996-12-30,25,3,0,Reading,England
Senegal,26,MF,Pape Gueye,1999-01-24,23,12,0,Marseille,France
Serbia,1,GK,Marko Dmitrović,1992-01-24,30,19,0,Sevilla,Spain
Serbia,2,DF,Strahinja Pavlović,2001-05-24,21,22,1,Red Bull Salzburg,Austria
Serbia,3,DF,Strahinja Eraković,2001-01-22,21,2,0,Red Star Belgrade,Serbia
Serbia,4,DF,Nikola Milenković,1997-10-12,25,39,3,Fiorentina,Italy
Serbia,5,DF,Miloš Veljković,1995-09-26,27,21,0,Werder Bremen,Germany
Serbia,6,MF,Nemanja Maksimović,1995-01-26,27,40,0,Getafe,Spain
Serbia,7,FW,Nemanja Radonjić,1996-02-15,26,36,5,Torino,Italy
Serbia,8,MF,Nemanja Gudelj,1991-11-16,31,49,1,Sevilla,Spain
Serbia,9,FW,Aleksandar Mitrović,1994-09-16,28,76,50,Fulham,England
Serbia,10,FW,Dušan Tadić,1988-11-20,34,91,20,Ajax,Netherlands
Serbia,11,FW,Luka Jović,1997-12-23,24,29,10,Fiorentina,Italy
Serbia,12,GK,Predrag Rajković,1995-10-31,27,28,0,Mallorca,Spain
Serbia,13,DF,Stefan Mitrović,1990-05-22,32,35,0,Getafe,Spain
Serbia,14,MF,Andrija Živković,1996-07-11,26,29,1,PAOK,Greece
Serbia,15,DF,Srđan Babić,1996-04-22,26,2,0,Almería,Spain
Serbia,16,MF,Saša Lukić,1996-08-13,26,32,2,Torino,Italy
Serbia,17,MF,Filip Kostić,1992-11-01,30,50,3,Juventus,Italy
Serbia,18,FW,Dušan Vlahović,2000-01-28,22,17,9,Juventus,Italy
Serbia,19,MF,Uroš Račić,1998-03-17,24,9,0,Braga,Portugal
Serbia,20,MF,Sergej Milinković-Savić,1995-02-27,27,36,6,Lazio,Italy
Serbia,21,FW,Filip Đuričić,1992-01-30,30,37,5,Sampdoria,Italy
Serbia,22,MF,Darko Lazović,1990-09-15,32,26,1,Hellas Verona,Italy
Serbia,23,GK,Vanja Milinković-Savić,1997-02-20,25,7,0,Torino,Italy
Serbia,24,MF,Ivan Ilić,2001-03-17,21,6,0,Hellas Verona,Italy
Serbia,25,DF,Filip Mladenović,1991-08-15,31,20,1,Legia Warsaw,Poland
Serbia,26,MF,Marko Grujić,1996-04-13,26,18,0,Porto,Portugal
South Korea,1,GK,Kim Seung-gyu,1990-09-30,32,67,0,Al-Shabab,Saudi Arabia
South Korea,2,DF,Yoon Jong-gyu,1998-03-20,24,4,0,FC Seoul,South Korea
South Korea,3,DF,Kim Jin-su,1992-06-13,30,61,2,Jeonbuk Hyundai Motors,South Korea
South Korea,4,DF,Kim Min-jae,1996-11-15,26,44,3,Napoli,Italy
South Korea,5,MF,Jung Woo-young,1989-12-14,32,66,3,Al-Sadd,Qatar
South Korea,6,MF,Hwang In-beom,1996-09-20,26,37,4,Olympiacos,Greece
South Korea,7,FW,Son Heung-min,1992-07-08,30,104,35,Tottenham Hotspur,England
South Korea,8,MF,Paik Seung-ho,1997-03-17,25,14,2,Jeonbuk Hyundai Motors,South Korea
South Korea,9,FW,Cho Gue-sung,1998-01-25,24,16,4,Jeonbuk Hyundai Motors,South Korea
South Korea,10,MF,Lee Jae-sung,1992-08-10,30,64,9,Mainz 05,Germany
South Korea,11,MF,Hwang Hee-chan,1996-01-26,26,49,9,Wolverhampton Wanderers,England
South Korea,12,GK,Song Bum-keun,1997-10-15,25,1,0,Jeonbuk Hyundai Motors,South Korea
South Korea,13,MF,Son Jun-ho,1992-05-12,30,15,0,Shandong Taishan,People's Republic of China
South Korea,14,DF,Hong Chul,1990-09-17,32,46,1,Daegu FC,South Korea
South Korea,15,DF,Kim Moon-hwan,1995-08-01,27,22,0,Jeonbuk Hyundai Motors,South Korea
South Korea,16,FW,Hwang Ui-jo,1992-08-28,30,49,16,Olympiacos,Greece
South Korea,17,MF,Na Sang-ho,1996-08-12,26,24,2,FC Seoul,South Korea
South Korea,18,MF,Lee Kang-in,2001-02-19,21,6,0,Mallorca,Spain
South Korea,19,DF,Kim Young-gwon,1990-02-27,32,96,6,Ulsan Hyundai,South Korea
South Korea,20,DF,Kwon Kyung-won,1992-01-31,30,28,2,Gamba Osaka,Japan
South Korea,21,GK,Jo Hyeon-woo,1991-09-25,31,22,0,Ulsan Hyundai,South Korea
South Korea,22,MF,Kwon Chang-hoon,1994-06-30,28,42,12,Gimcheon Sangmu,South Korea
South Korea,23,DF,Kim Tae-hwan,1989-07-24,33,19,0,Ulsan Hyundai,South Korea
South Korea,24,DF,Cho Yu-min,1996-11-17,26,4,0,Daejeon Hana Citizen,South Korea
South Korea,25,MF,Jeong Woo-yeong,1999-09-20,23,9,2,SC Freiburg,Germany
South Korea,26,MF,Song Min-kyu,1999-09-12,23,13,1,Jeonbuk Hyundai Motors,South Korea
Spain,1,GK,Robert Sánchez,1997-11-18,25,2,0,Brighton & Hove Albion,England
Spain,2,DF,César Azpilicueta,1989-08-28,33,42,1,Chelsea,England
Spain,3,DF,Eric García,2001-01-09,21,19,0,Barcelona,Spain
Spain,4,DF,Pau Torres,1997-01-16,25,22,1,Villarreal,Spain
Spain,5,MF,Sergio Busquets,1988-07-16,34,139,2,Barcelona,Spain
Spain,6,MF,Marcos Llorente,1995-01-30,27,17,0,Atlético Madrid,Spain
Spain,7,FW,Álvaro Morata,1992-10-23,30,57,27,Atlético Madrid,Spain
Spain,8,MF,Koke,1992-01-08,30,68,0,Atlético Madrid,Spain
Spain,9,MF,Gavi,2004-08-05,18,13,2,Barcelona,Spain
Spain,10,FW,Marco Asensio,1996-01-21,26,31,1,Real Madrid,Spain
Spain,11,FW,Ferran Torres,2000-02-29,22,31,13,Barcelona,Spain
Spain,12,FW,Nico Williams,2002-07-12,20,3,1,Athletic Bilbao,Spain
Spain,13,GK,David Raya,1995-09-15,27,2,0,Brentford,England
Spain,14,DF,Alejandro Balde,2003-10-18,19,0,0,Barcelona,Spain
Spain,15,DF,Hugo Guillamón,2000-01-31,22,3,1,Valencia,Spain
Spain,16,MF,Rodri,1996-06-22,26,35,1,Manchester City,England
Spain,17,FW,Yéremy Pino,2002-10-20,20,7,1,Villarreal,Spain
Spain,18,DF,Jordi Alba,1989-03-21,33,87,9,Barcelona,Spain
Spain,19,MF,Carlos Soler,1997-01-02,25,12,3,Paris Saint-Germain,France
Spain,20,DF,Dani Carvajal,1992-01-11,30,31,0,Real Madrid,Spain
Spain,21,FW,Dani Olmo,1998-05-07,24,25,4,RB Leipzig,Germany
Spain,22,FW,Pablo Sarabia,1992-05-11,30,25,9,Paris Saint-Germain,France
Spain,23,GK,Unai Simón,1997-06-11,25,27,0,Athletic Bilbao,Spain
Spain,24,DF,Aymeric Laporte,1994-05-27,28,16,1,Manchester City,England
Spain,25,FW,Ansu Fati,2002-10-31,20,5,2,Barcelona,Spain
Spain,26,MF,Pedri,2002-11-25,19,14,0,Barcelona,Spain
Switzerland,1,GK,Yann Sommer,1988-12-17,33,77,0,Borussia Mönchengladbach,Germany
Switzerland,2,DF,Edimilson Fernandes,1996-04-15,26,22,2,Mainz 05,Germany
Switzerland,3,DF,Silvan Widmer,1993-03-05,29,34,2,Mainz 05,Germany
Switzerland,4,DF,Nico Elvedi,1996-09-30,26,41,1,Borussia Mönchengladbach,Germany
Switzerland,5,DF,Manuel Akanji,1995-07-19,27,43,1,Manchester City,England
Switzerland,6,MF,Denis Zakaria,1996-11-20,26,43,3,Chelsea,England
Switzerland,7,FW,Breel Embolo,1997-02-14,25,59,11,Monaco,France
Switzerland,8,MF,Remo Freuler,1992-04-15,30,49,5,Nottingham Forest,England
Switzerland,9,FW,Haris Seferovic,1992-02-22,30,89,25,Galatasaray,Turkey
Switzerland,10,MF,Granit Xhaka,1992-09-27,30,107,12,Arsenal,England
Switzerland,11,DF,Renato Steffen,1991-11-03,31,28,1,Lugano,Switzerland
Switzerland,12,GK,Jonas Omlin,1994-01-10,28,4,0,Montpellier,France
Switzerland,13,DF,Ricardo Rodriguez,1992-08-25,30,100,9,Torino,Italy
Switzerland,14,MF,Michel Aebischer,1997-01-06,25,12,0,Bologna,Italy
Switzerland,15,MF,Djibril Sow,1997-02-06,25,32,0,Eintracht Frankfurt,Germany
Switzerland,16,MF,Christian Fassnacht,1993-11-11,29,16,4,Young Boys,Switzerland
Switzerland,17,FW,Ruben Vargas,1998-08-05,24,27,4,FC Augsburg,Germany
Switzerland,18,DF,Eray Cömert,1998-02-04,24,10,0,Valencia,Spain
Switzerland,19,FW,Noah Okafor,2000-05-24,22,9,2,Red Bull Salzburg,Austria
Switzerland,20,MF,Fabian Frei,1989-01-08,33,22,3,Basel,Switzerland
Switzerland,21,GK,Gregor Kobel,1997-12-06,24,3,0,Borussia Dortmund,Germany
Switzerland,22,DF,Fabian Schär,1991-12-20,30,73,8,Newcastle United,England
Switzerland,23,MF,Xherdan Shaqiri,1991-10-10,31,109,26,Chicago Fire FC,United States
Switzerland,24,GK,Philipp Köhn,1998-04-02,24,0,0,Red Bull Salzburg,Austria
Switzerland,25,MF,Fabian Rieder,2002-02-16,20,0,0,Young Boys,Switzerland
Switzerland,26,MF,Ardon Jashari,2002-07-30,20,1,0,Luzern,Switzerland
Tunisia,1,GK,Aymen Mathlouthi,1984-09-14,38,73,0,Étoile du Sahel,Tunisia
Tunisia,2,DF,Bilel Ifa,1990-03-09,32,37,0,Kuwait SC,Kuwait
Tunisia,3,DF,Montassar Talbi,1998-05-26,24,23,1,Lorient,France
Tunisia,4,DF,Yassine Meriah,1993-07-02,29,61,3,Espérance de Tunis,Tunisia
Tunisia,5,MF,Nader Ghandri,1995-02-18,27,8,0,Club Africain,Tunisia
Tunisia,6,DF,Dylan Bronn,1995-06-19,27,36,2,Salernitana,Italy
Tunisia,7,FW,Youssef Msakni,1990-10-28,32,88,17,Al-Arabi,Qatar
Tunisia,8,MF,Hannibal Mejbri,2003-01-21,19,19,0,Birmingham City,England
Tunisia,9,FW,Issam Jebali,1991-12-25,30,10,2,OB,Denmark
Tunisia,10,FW,Wahbi Khazri,1991-02-08,31,72,24,Montpellier,France
Tunisia,11,FW,Taha Yassine Khenissi,1992-01-06,30,48,9,Kuwait SC,Kuwait
Tunisia,12,DF,Ali Maâloul,1990-01-01,32,83,2,Al Ahly,Egypt
Tunisia,13,MF,Ferjani Sassi,1992-03-18,30,78,6,Al-Duhail,Qatar
Tunisia,14,MF,Aïssa Laïdouni,1996-12-13,25,25,1,Ferencváros,Hungary
Tunisia,15,MF,Mohamed Ali Ben Romdhane,1999-09-06,23,23,1,Espérance de Tunis,Tunisia
Tunisia,16,GK,Aymen Dahmen,1997-01-28,25,5,0,CS Sfaxien,Tunisia
Tunisia,17,MF,Ellyes Skhiri,1995-05-10,27,49,3,1. FC Köln,Germany
Tunisia,18,MF,Ghailene Chaalali,1994-02-28,28,31,1,Espérance de Tunis,Tunisia
Tunisia,19,FW,Seifeddine Jaziri,1993-02-12,29,29,10,Zamalek,Egypt
Tunisia,20,DF,Mohamed Dräger,1996-06-25,26,34,3,Luzern,Switzerland
Tunisia,21,DF,Wajdi Kechrida,1995-11-05,27,19,0,Atromitos,Greece
Tunisia,22,GK,Bechir Ben Saïd,1992-11-29,29,10,0,US Monastir,Tunisia
Tunisia,23,FW,Naïm Sliti,1992-07-27,30,69,14,Al-Ettifaq,Saudi Arabia
Tunisia,24,DF,Ali Abdi,1993-12-20,28,10,2,Caen,France
Tunisia,25,FW,Anis Ben Slimane,2001-03-16,21,25,4,Brøndby,Denmark
Tunisia,26,GK,Mouez Hassen,1995-03-05,27,20,0,Club Africain,Tunisia
United States,1,GK,Matt Turner,1994-06-24,28,20,0,Arsenal,England
United States,2,DF,Sergiño Dest,2000-11-03,22,19,2,Milan,Italy
United States,3,DF,Walker Zimmerman,1993-05-19,29,33,3,Nashville SC,United States
United States,4,MF,Tyler Adams,1999-02-14,23,32,1,Leeds United,England
United States,5,DF,Antonee Robinson,1997-08-08,25,29,2,Fulham,England
United States,6,MF,Yunus Musah,2002-11-29,19,19,0,Valencia,Spain
United States,7,FW,Giovanni Reyna,2002-11-13,20,14,4,Borussia Dortmund,Germany
United States,8,MF,Weston McKennie,1998-08-28,24,37,9,Juventus,Italy
United States,9,FW,Jesús Ferreira,2000-12-24,21,15,7,FC Dallas,United States
United States,10,FW,Christian Pulisic,1998-09-18,24,52,21,Chelsea,England
United States,11,FW,Brenden Aaronson,2000-10-22,22,24,6,Leeds United,England
United States,12,GK,Ethan Horvath,1995-06-09,27,8,0,Luton Town,England
United States,13,DF,Tim Ream,1987-10-05,35,46,1,Fulham,England
United States,14,MF,Luca de la Torre,1998-05-23,24,12,0,Celta Vigo,Spain
United States,15,DF,Aaron Long,1992-10-12,30,29,3,New York Red Bulls,United States
United States,16,FW,Jordan Morris,1994-10-26,28,49,11,Seattle Sounders FC,United States
United States,17,MF,Cristian Roldan,1995-06-03,27,32,0,Seattle Sounders FC,United States
United States,18,DF,Shaq Moore,1996-11-02,26,15,1,Nashville SC,United States
United States,19,FW,Haji Wright,1998-03-27,24,3,1,Antalyaspor,Turkey
United States,20,DF,Cameron Carter-Vickers,1997-12-31,24,11,0,Celtic,Scotland
United States,21,FW,Timothy Weah,2000-02-22,22,25,3,Lille,France
United States,22,DF,DeAndre Yedlin,1993-07-09,29,75,0,Inter Miami CF,United States
United States,23,MF,Kellyn Acosta,1995-07-24,27,53,2,Los Angeles FC,United States
United States,24,FW,Josh Sargent,2000-02-20,22,20,5,Norwich City,England
United States,25,GK,Sean Johnson,1989-05-31,33,10,0,New York City FC,United States
United States,26,DF,Joe Scally,2002-12-31,19,3,0,Borussia Mönchengladbach,Germany
Uruguay,1,GK,Fernando Muslera,1986-06-16,36,133,0,Galatasaray,Turkey
Uruguay,2,DF,José Giménez,1995-01-20,27,78,8,Atlético Madrid,Spain
Uruguay,3,DF,Diego Godín,1986-02-16,36,159,8,Vélez Sarsfield,Argentina
Uruguay,4,DF,Ronald Araújo,1999-03-07,23,12,0,Barcelona,Spain
Uruguay,5,MF,Matías Vecino,1991-08-24,31,62,4,Lazio,Italy
Uruguay,6,MF,Rodrigo Bentancur,1997-06-25,25,51,1,Tottenham Hotspur,England
Uruguay,7,MF,Nicolás de la Cruz,1997-06-01,25,17,2,River Plate,Argentina
Uruguay,8,FW,Facundo Pellistri,2001-12-20,20,7,0,Manchester United,England
Uruguay,9,FW,Luis Suárez,1987-01-24,35,134,68,Nacional,Uruguay
Uruguay,10,MF,Giorgian de Arrascaeta,1994-06-01,28,40,8,Flamengo,Brazil
Uruguay,11,FW,Darwin Núñez,1999-06-24,23,13,3,Liverpool,England
Uruguay,12,GK,Sebastián Sosa,1986-08-19,36,1,0,Independiente,Argentina
Uruguay,13,DF,Guillermo Varela,1993-03-24,29,9,0,Flamengo,Brazil
Uruguay,14,MF,Lucas Torreira,1996-02-11,26,40,0,Galatasaray,Turkey
Uruguay,15,MF,Federico Valverde,1998-07-22,24,44,4,Real Madrid,Spain
Uruguay,16,DF,Mathías Olivera,1997-10-31,25,8,0,Napoli,Italy
Uruguay,17,DF,Matías Viña,1997-11-09,25,26,0,Roma,Italy
Uruguay,18,FW,Maxi Gómez,1996-08-14,26,27,4,Trabzonspor,Turkey
Uruguay,19,DF,Sebastián Coates,1990-10-07,32,47,1,Sporting CP,Portugal
Uruguay,20,FW,Facundo Torres,2000-04-13,22,10,0,Orlando City SC,United States
Uruguay,21,FW,Edinson Cavani,1987-02-14,35,133,58,Valencia,Spain
Uruguay,22,DF,Martín Cáceres,1987-04-07,35,115,4,LA Galaxy,United States
Uruguay,23,GK,Sergio Rochet,1993-03-23,29,8,0,Nacional,Uruguay
Uruguay,24,MF,Agustín Canobbio,1998-10-01,24,3,0,Athletico Paranaense,Brazil
Uruguay,25,MF,Manuel Ugarte,2001-04-11,21,6,0,Sporting CP,Portugal
Uruguay,26,DF,José Luis Rodríguez,1997-03-14,25,0,0,Nacional,Uruguay
Wales,1,GK,Wayne Hennessey,1987-01-24,35,106,0,Nottingham Forest,England
Wales,2,DF,Chris Gunter,1989-07-21,33,109,0,AFC Wimbledon,England
Wales,3,DF,Neco Williams,2001-04-13,21,23,2,Nottingham Forest,England
Wales,4,DF,Ben Davies,1993-04-24,29,74,1,Tottenham Hotspur,England
Wales,5,DF,Chris Mepham,1997-11-05,25,33,0,Bournemouth,England
Wales,6,DF,Joe Rodon,1997-10-22,25,30,0,Rennes,France
Wales,7,MF,Joe Allen,1990-03-14,32,72,2,Swansea City,Wales
Wales,8,MF,Harry Wilson,1997-03-22,25,39,5,Fulham,England
Wales,9,FW,Brennan Johnson,2001-05-23,21,15,2,Nottingham Forest,England
Wales,10,MF,Aaron Ramsey,1990-12-26,31,75,20,Nice,France
Wales,11,FW,Gareth Bale,1989-07-16,33,108,40,Los Angeles FC,United States
Wales,12,GK,Danny Ward,1993-06-22,29,26,0,Leicester City,England
Wales,13,FW,Kieffer Moore,1992-08-08,30,28,9,Bournemouth,England
Wales,14,DF,Connor Roberts,1995-09-23,27,41,3,Burnley,England
Wales,15,DF,Ethan Ampadu,2000-09-14,22,37,0,Spezia,Italy
Wales,16,MF,Joe Morrell,1997-01-03,25,30,0,Portsmouth,England
Wales,17,DF,Tom Lockyer,1994-12-03,27,14,0,Luton Town,England
Wales,18,MF,Jonny Williams,1993-10-09,29,33,2,Swindon Town,England
Wales,19,FW,Mark Harris,1998-12-29,23,5,0,Cardiff City,Wales
Wales,20,FW,Daniel James,1997-11-10,25,38,5,Fulham,England
Wales,21,GK,Adam Davies,1992-07-17,30,4,0,Sheffield United,England
Wales,22,MF,Sorba Thomas,1999-01-25,23,6,0,Huddersfield Town,England
Wales,23,MF,Dylan Levitt,2000-11-17,22,13,0,Dundee United,Scotland
Wales,24,DF,Ben Cabango,2000-05-30,22,5,0,Swansea City,Wales
Wales,25,MF,Rubin Colwill,2002-04-27,20,7,1,Cardiff City,Wales
Wales,26,MF,Matthew Smith,1999-11-22,22,19,0,Milton Keynes Dons,England
